,Attrition,BusinessTravel,Department,EducationField,Gender,JobRole,MaritalStatus,Over18,OverTime
0,1,1,0,0,1,0,0,1,1
1,0,2,1,0,0,1,1,1,0
2,1,1,1,5,0,2,0,1,1
3,0,2,1,0,1,1,1,1,1
4,0,1,1,1,0,2,1,1,0
5,0,2,1,0,0,2,0,1,0
6,0,1,1,1,1,2,1,1,1
7,0,1,1,0,0,2,2,1,0
8,0,2,1,0,0,3,0,1,0
9,0,1,1,1,0,4,1,1,0
10,0,1,1,1,0,2,1,1,0
11,0,1,1,0,1,2,0,1,1
12,0,1,1,0,0,1,2,1,0
13,0,1,1,1,0,2,2,1,0
14,1,1,1,0,0,2,0,1,1
15,0,1,1,0,1,3,2,1,0
16,0,1,1,0,0,1,2,1,1
17,0,0,1,1,0,2,2,1,1
18,0,1,0,0,1,5,1,1,0
19,0,1,1,0,0,1,0,1,1
20,0,0,1,5,1,3,2,1,0
21,1,1,0,0,0,6,0,1,0
22,0,1,1,0,1,7,0,1,0
23,0,1,1,0,0,1,0,1,0
24,1,1,1,1,0,1,0,1,0
25,0,1,1,5,1,5,2,1,0
26,1,2,1,0,1,1,0,1,1
27,0,1,0,2,0,0,1,1,0
28,0,1,1,1,1,4,1,1,0
29,0,1,0,2,1,5,0,1,0
30,0,1,1,1,0,2,0,1,0
31,0,1,1,5,0,4,1,1,1
32,0,1,1,1,0,2,0,1,0
33,1,1,0,3,0,6,1,1,0
34,1,1,1,1,0,1,1,1,1
35,0,1,1,1,1,1,2,1,0
36,1,1,0,2,0,6,1,1,1
37,0,1,0,2,1,6,1,1,0
38,0,1,1,0,1,1,1,1,1
39,0,2,0,0,1,0,1,1,0
40,0,1,1,5,0,2,2,1,0
41,0,1,1,0,1,2,2,1,0
42,1,1,1,0,0,2,0,1,0
43,0,2,0,0,0,0,0,1,0
44,0,2,1,1,1,2,0,1,0
45,1,1,1,3,1,7,1,1,0
46,0,0,0,2,0,0,0,1,0
47,0,1,1,0,0,1,1,1,0
48,0,2,0,2,0,0,0,1,1
49,0,1,1,0,0,2,1,1,0
50,1,1,1,0,0,2,0,1,1
51,1,1,1,3,0,2,0,1,1
52,0,1,0,2,1,0,2,1,1
53,0,0,1,1,0,4,1,1,1
54,0,1,0,2,1,0,1,1,1
55,0,2,1,0,1,7,0,1,1
56,0,2,0,0,0,0,1,1,0
57,0,1,1,1,1,2,1,1,1
58,0,1,1,0,0,2,2,1,0
59,0,1,1,0,0,3,2,1,0
60,0,1,1,1,0,3,1,1,1
61,0,2,1,0,1,2,0,1,0
62,0,1,1,1,1,7,2,1,1
63,0,1,0,0,1,0,0,1,0
64,0,1,1,3,1,4,2,1,0
65,0,1,1,1,1,5,2,1,1
66,0,2,1,0,0,3,0,1,0
67,0,1,1,0,0,1,2,1,0
68,0,2,1,1,0,1,1,1,0
69,1,1,1,1,0,1,1,1,1
70,0,2,0,0,1,0,0,1,0
71,0,1,1,0,0,1,1,1,0
72,0,1,1,1,0,1,0,1,0
73,0,1,1,0,0,1,1,1,0
74,0,1,1,0,1,2,1,1,0
75,0,1,1,0,1,3,0,1,0
76,0,1,0,2,0,0,0,1,0
77,0,1,1,5,0,7,1,1,1
78,0,1,1,1,0,7,0,1,0
79,0,1,2,1,0,8,2,1,1
80,0,1,1,0,0,2,1,1,1
81,0,1,1,1,0,1,0,1,0
82,0,1,0,0,0,0,1,1,0
83,0,0,1,1,1,1,2,1,1
84,0,1,1,1,0,3,1,1,0
85,0,1,1,0,0,3,0,1,0
86,0,1,0,3,0,6,2,1,0
87,0,1,1,0,0,2,1,1,0
88,0,1,1,0,0,4,1,1,0
89,1,1,0,1,0,0,0,1,0
90,0,2,1,0,0,4,1,1,0
91,0,1,0,2,0,0,0,1,1
92,0,1,0,1,1,0,2,1,1
93,0,2,1,1,0,4,1,1,1
94,0,1,0,1,0,0,0,1,0
95,0,1,1,3,1,7,1,1,0
96,0,1,0,5,1,0,1,1,0
97,0,0,0,1,0,0,1,1,0
98,0,1,0,1,0,0,0,1,0
99,0,0,1,1,0,2,1,1,0
100,1,1,2,4,0,8,2,1,1
101,0,1,1,0,0,1,0,1,0
102,1,2,1,0,1,2,0,1,1
103,0,1,1,5,1,1,0,1,0
104,0,0,1,0,0,4,2,1,0
105,0,0,2,4,1,5,1,1,0
106,0,2,1,0,1,7,1,1,1
107,1,1,0,2,0,0,0,1,1
108,0,1,1,1,0,1,1,1,0
109,0,1,1,1,1,2,0,1,0
110,0,2,1,1,1,4,0,1,0
111,1,2,1,0,0,2,0,1,1
112,0,0,2,4,1,5,0,1,1
113,0,1,1,0,0,2,1,1,0
114,0,1,1,0,1,1,2,1,0
115,0,1,0,0,0,0,0,1,0
116,0,1,1,1,1,5,0,1,0
117,0,2,0,3,1,0,1,1,0
118,0,1,1,0,1,2,2,1,0
119,0,2,0,0,0,5,1,1,1
120,0,2,1,0,0,1,2,1,0
121,0,0,0,2,0,0,1,1,0
122,1,1,1,0,1,1,1,1,1
123,0,1,1,0,0,7,0,1,0
124,1,1,0,0,0,0,1,1,1
125,0,1,1,5,1,1,1,1,0
126,1,1,1,1,1,4,1,1,0
127,1,1,0,2,0,6,0,1,1
128,0,1,1,3,0,2,1,1,0
129,0,1,1,1,1,3,1,1,0
130,0,2,1,1,1,1,0,1,0
131,0,2,0,2,1,0,0,1,0
132,1,1,0,0,1,0,1,1,1
133,0,1,0,0,0,0,2,1,1
134,0,1,2,0,1,8,1,1,0
135,0,1,1,1,0,3,2,1,0
136,1,2,1,0,0,3,0,1,0
137,0,1,0,0,1,0,1,1,0
138,0,1,0,0,0,0,1,1,0
139,0,1,2,4,0,8,1,1,1
140,1,1,1,1,1,2,0,1,0
141,0,1,1,1,0,1,0,1,0
142,0,1,1,3,1,1,0,1,1
143,0,1,1,0,1,1,0,1,0
144,0,2,0,1,0,0,2,1,0
145,0,1,1,3,1,1,2,1,0
146,0,1,1,1,0,2,0,1,0
147,0,2,1,0,0,5,2,1,0
148,0,1,1,0,0,2,1,1,0
149,0,1,1,1,1,2,0,1,0
150,0,2,1,1,1,1,2,1,0
151,0,1,0,2,0,0,1,1,0
152,0,1,0,2,0,6,1,1,1
153,0,1,1,0,0,2,2,1,0
154,0,2,0,2,1,0,0,1,0
155,0,0,1,3,0,3,1,1,0
156,0,1,1,1,0,3,1,1,0
157,0,1,1,1,1,1,1,1,1
158,0,1,0,2,0,0,1,1,0
159,0,2,0,2,1,6,1,1,0
160,0,1,1,1,0,1,1,1,0
161,0,0,1,1,0,1,2,1,0
162,0,1,1,1,0,1,1,1,0
163,0,1,1,0,0,4,2,1,1
164,0,0,1,1,0,1,2,1,1
165,0,1,1,0,1,5,0,1,0
166,0,1,1,0,0,1,2,1,0
167,0,1,0,0,1,0,1,1,0
168,0,1,0,0,1,0,0,1,0
169,0,1,1,0,0,1,0,1,0
170,0,1,1,3,0,1,1,1,1
171,1,2,0,3,1,6,0,1,0
172,0,2,1,1,0,2,0,1,0
173,0,0,1,1,0,2,2,1,0
174,0,1,0,0,1,0,2,1,1
175,0,1,1,0,1,1,2,1,1
176,0,1,1,0,0,1,0,1,0
177,1,1,1,0,0,2,0,1,0
178,0,1,0,2,1,0,2,1,0
179,0,1,1,0,1,2,0,1,0
180,0,1,1,1,1,1,1,1,1
181,0,1,1,1,1,1,0,1,0
182,1,1,0,2,1,6,0,1,1
183,0,1,1,1,0,2,1,1,0
184,0,1,1,1,1,3,2,1,0
185,0,1,1,1,1,1,1,1,0
186,0,1,1,1,1,5,1,1,0
187,0,1,1,1,0,7,0,1,0
188,0,2,1,0,0,3,1,1,0
189,0,1,1,1,1,4,0,1,0
190,0,1,1,0,0,5,1,1,0
191,0,1,1,1,1,1,0,1,0
192,1,1,1,0,0,3,1,1,1
193,0,0,1,1,0,1,2,1,0
194,0,0,1,1,0,5,1,1,0
195,0,1,1,0,0,1,1,1,1
196,0,2,1,1,1,2,0,1,0
197,0,0,1,1,1,3,2,1,0
198,0,1,1,0,0,3,1,1,0
199,0,1,1,3,0,3,1,1,0
200,0,2,1,3,0,3,1,1,0
201,0,0,1,0,0,3,2,1,1
202,0,2,1,1,0,1,2,1,1
203,0,1,1,1,0,2,1,1,1
204,1,1,1,1,0,4,1,1,1
205,1,1,0,2,1,0,1,1,0
206,0,1,1,0,0,1,2,1,1
207,0,2,1,1,1,2,0,1,0
208,0,0,1,0,0,4,1,1,0
209,0,1,1,1,0,4,2,1,0
210,1,1,0,1,0,0,1,1,0
211,0,0,1,0,0,3,0,1,0
212,0,2,0,0,1,0,0,1,0
213,0,1,1,0,0,7,1,1,0
214,1,1,1,3,1,1,0,1,1
215,0,1,0,0,1,5,0,1,1
216,1,2,0,2,1,0,0,1,0
217,1,1,1,3,0,1,0,1,0
218,0,0,0,1,1,0,0,1,0
219,0,1,0,2,1,0,1,1,0
220,0,1,1,0,0,2,0,1,0
221,0,1,1,1,1,1,1,1,0
222,0,2,1,5,0,7,2,1,1
223,0,1,0,0,0,0,2,1,0
224,0,0,1,1,0,3,1,1,0
225,0,1,1,0,0,1,1,1,0
226,0,2,0,2,0,6,2,1,0
227,0,2,0,1,1,0,1,1,0
228,0,2,0,2,1,0,0,1,0
229,1,1,1,1,0,1,0,1,1
230,0,1,1,0,1,2,0,1,0
231,0,1,1,3,0,5,1,1,0
232,0,1,2,1,0,8,1,1,0
233,0,1,0,1,1,5,2,1,0
234,1,1,1,1,0,2,1,1,1
235,0,1,0,2,1,5,1,1,1
236,1,1,1,0,1,2,1,1,0
237,0,0,0,0,0,5,0,1,1
238,0,1,0,0,1,6,1,1,0
239,1,1,1,0,0,2,0,1,1
240,0,1,1,1,1,2,2,1,0
241,0,0,0,2,0,0,1,1,0
242,0,1,1,0,0,1,2,1,0
243,0,1,1,3,0,1,2,1,0
244,0,1,1,5,0,5,1,1,0
245,0,2,1,1,0,7,2,1,0
246,0,1,1,0,1,1,1,1,0
247,0,1,1,0,0,3,1,1,0
248,0,1,1,1,1,1,1,1,0
249,0,2,1,0,0,3,1,1,0
250,1,2,1,1,0,3,2,1,0
251,0,2,1,3,1,4,0,1,0
252,0,1,1,0,0,1,0,1,0
253,0,1,1,0,1,1,0,1,1
254,0,1,0,2,0,0,2,1,0
255,0,1,1,0,1,3,1,1,0
256,0,1,1,1,1,2,2,1,1
257,0,1,1,1,0,7,2,1,0
258,0,1,1,0,0,1,1,1,0
259,1,2,1,1,0,2,0,1,0
260,0,2,1,0,0,2,1,1,0
261,0,0,0,0,0,0,1,1,0
262,0,1,1,3,0,2,0,1,0
263,0,1,0,3,1,5,1,1,1
264,1,1,1,0,0,2,0,1,0
265,0,1,0,1,0,0,1,1,0
266,0,1,1,1,0,4,1,1,0
267,0,0,1,0,0,4,2,1,0
268,0,1,1,1,0,4,1,1,1
269,0,1,1,0,0,2,1,1,0
270,0,1,1,1,0,5,0,1,1
271,1,0,1,0,0,5,1,1,1
272,0,1,1,1,0,1,1,1,0
273,0,1,0,1,0,0,1,1,0
274,0,1,1,1,0,1,0,1,0
275,0,0,1,1,1,7,2,1,1
276,0,1,1,0,1,5,2,1,0
277,0,1,0,1,1,0,2,1,1
278,0,2,1,0,1,3,2,1,0
279,0,1,1,0,0,7,2,1,0
280,0,1,1,1,0,7,1,1,1
281,0,1,0,0,0,0,1,1,0
282,0,2,0,0,0,0,0,1,0
283,0,1,1,3,0,2,1,1,1
284,0,2,1,1,0,4,1,1,1
285,0,1,1,0,1,1,0,1,0
286,1,2,1,0,0,2,2,1,1
287,0,1,1,0,0,4,2,1,0
288,1,1,1,1,0,2,2,1,1
289,0,1,1,0,1,1,0,1,0
290,0,2,1,0,1,7,0,1,1
291,0,1,1,3,0,1,0,1,0
292,0,2,0,2,1,6,2,1,0
293,1,1,0,2,0,0,0,1,1
294,0,2,1,1,0,1,1,1,1
295,0,2,0,2,1,0,1,1,0
296,1,1,1,0,0,2,0,1,0
297,0,1,0,2,0,0,1,1,0
298,0,2,1,0,0,2,1,1,0
299,0,1,1,1,0,3,2,1,0
300,0,1,0,0,0,5,0,1,0
301,0,1,0,1,1,6,0,1,0
302,0,1,1,1,0,4,0,1,0
303,0,1,0,3,0,0,1,1,0
304,0,1,1,1,0,4,2,1,0
305,0,0,1,0,1,2,1,1,0
306,0,1,0,0,0,0,1,1,0
307,0,1,1,0,1,7,1,1,0
308,0,0,1,0,0,4,2,1,1
309,0,1,1,3,0,1,1,1,1
310,0,1,2,4,0,8,1,1,0
311,0,2,1,0,0,2,2,1,0
312,0,1,1,0,0,1,2,1,1
313,0,2,1,0,1,5,1,1,0
314,0,1,1,1,0,5,1,1,1
315,0,2,1,0,1,2,0,1,0
316,0,1,1,3,1,4,0,1,1
317,1,1,1,1,0,1,1,1,0
318,0,1,1,0,1,1,0,1,1
319,0,1,0,3,1,0,1,1,1
320,0,1,0,0,0,0,0,1,1
321,0,1,0,2,0,0,2,1,0
322,0,1,1,1,1,1,0,1,0
323,1,1,1,1,0,1,1,1,1
324,0,1,1,1,1,1,1,1,0
325,0,2,1,0,1,3,1,1,0
326,0,2,1,1,0,5,1,1,0
327,1,1,0,1,1,0,1,1,1
328,0,2,0,2,0,0,0,1,0
329,0,1,1,0,0,7,1,1,0
330,0,2,1,0,1,2,2,1,0
331,0,0,0,2,0,0,1,1,1
332,0,2,1,0,1,1,0,1,0
333,0,1,1,0,1,4,1,1,0
334,0,1,1,5,0,1,1,1,0
335,0,1,0,1,0,0,1,1,1
336,1,1,1,5,0,2,1,1,1
337,0,1,1,5,0,2,0,1,0
338,0,1,0,2,1,0,2,1,0
339,0,1,0,2,1,0,1,1,0
340,0,1,1,1,0,3,2,1,0
341,0,1,1,0,0,7,2,1,1
342,0,1,1,1,1,3,0,1,1
343,0,1,0,2,1,0,2,1,1
344,0,1,1,3,0,3,0,1,0
345,0,1,1,0,0,1,2,1,0
346,0,1,1,1,0,3,0,1,1
347,0,2,0,1,0,6,0,1,0
348,0,1,1,0,1,7,0,1,0
349,0,0,0,0,0,0,1,1,0
350,0,1,2,3,0,8,2,1,1
351,0,1,1,1,1,2,1,1,0
352,0,1,0,1,1,5,1,1,0
353,0,1,1,1,0,1,2,1,1
354,0,0,0,3,1,0,1,1,1
355,0,1,0,0,0,0,1,1,0
356,0,1,1,5,0,4,0,1,0
357,1,2,0,3,1,6,0,1,1
358,0,0,0,1,1,0,0,1,0
359,0,2,0,1,0,0,1,1,0
360,0,1,1,1,0,4,1,1,0
361,0,1,1,0,1,2,1,1,1
362,0,0,0,1,0,6,0,1,0
363,1,1,0,2,1,6,0,1,1
364,0,1,1,1,1,2,1,1,0
365,0,0,1,1,1,3,1,1,0
366,1,2,0,2,0,0,0,1,0
367,0,1,1,3,0,4,0,1,0
368,1,1,0,2,0,0,1,1,1
369,0,1,1,0,0,1,0,1,1
370,1,1,0,0,1,6,0,1,0
371,0,1,1,0,0,1,0,1,0
372,0,1,1,0,0,4,0,1,0
373,0,1,1,1,0,2,2,1,0
374,0,1,0,0,0,0,0,1,0
375,0,1,1,5,0,4,0,1,0
376,0,1,0,0,1,0,1,1,0
377,0,1,1,0,1,1,1,1,0
378,1,0,0,2,0,0,0,1,1
379,0,1,1,0,1,5,0,1,1
380,0,1,0,2,1,0,2,1,1
381,0,1,0,3,0,6,1,1,0
382,1,2,1,3,0,1,0,1,0
383,0,1,1,1,1,1,1,1,0
384,0,1,0,1,0,0,1,1,0
385,1,2,1,3,0,1,0,1,1
386,0,1,1,0,1,2,2,1,0
387,0,1,0,2,1,0,2,1,0
388,0,1,1,0,1,2,2,1,0
389,0,1,1,0,0,3,0,1,1
390,0,1,1,0,0,7,2,1,0
391,0,1,1,1,1,2,1,1,0
392,0,1,1,1,0,7,1,1,0
393,0,0,0,2,1,0,1,1,0
394,0,1,1,1,1,3,1,1,0
395,0,2,1,1,0,2,1,1,0
396,0,1,1,5,1,4,2,1,1
397,0,1,0,0,1,0,0,1,1
398,0,0,1,1,1,1,1,1,1
399,0,1,1,0,0,2,1,1,0
400,0,2,1,0,0,5,2,1,1
401,0,2,0,0,1,0,1,1,0
402,0,1,0,3,1,0,0,1,0
403,0,1,0,2,0,0,1,1,0
404,0,1,1,1,0,2,2,1,0
405,1,1,1,1,0,2,1,1,0
406,0,1,1,1,0,3,1,1,1
407,0,1,1,0,0,1,1,1,0
408,0,1,1,0,1,5,1,1,0
409,0,2,1,0,1,1,2,1,0
410,0,1,1,0,1,3,0,1,0
411,0,1,1,0,1,5,1,1,0
412,0,1,1,1,1,3,2,1,0
413,0,2,1,3,1,4,1,1,0
414,1,1,0,3,1,6,0,1,1
415,1,2,0,2,1,6,2,1,0
416,0,2,1,0,0,2,1,1,1
417,0,1,0,0,1,5,1,1,0
418,0,1,1,0,1,1,2,1,0
419,0,0,1,0,0,2,1,1,0
420,0,1,1,1,0,7,1,1,0
421,1,1,1,3,1,1,1,1,0
422,1,1,2,3,0,8,0,1,0
423,0,0,0,5,1,0,1,1,0
424,0,1,0,2,0,5,2,1,0
425,0,1,1,0,0,5,1,1,0
426,0,0,1,1,1,2,0,1,0
427,0,2,0,2,1,0,1,1,0
428,0,1,1,1,1,3,2,1,0
429,0,1,1,0,0,7,1,1,0
430,0,1,1,0,0,2,0,1,0
431,0,1,1,0,1,2,0,1,0
432,0,1,1,0,0,1,2,1,0
433,0,1,0,2,1,0,1,1,1
434,0,1,1,0,0,3,2,1,0
435,1,1,1,1,0,5,1,1,1
436,1,1,1,1,0,2,2,1,0
437,0,1,0,2,0,6,0,1,0
438,0,1,1,0,0,4,1,1,1
439,1,2,1,0,0,4,1,1,0
440,1,2,2,4,1,8,2,1,1
441,0,2,1,5,0,2,1,1,0
442,0,0,0,1,0,0,0,1,0
443,1,2,1,3,0,2,0,1,0
444,0,1,0,2,1,0,1,1,0
445,0,1,0,0,1,5,0,1,0
446,0,0,0,0,0,0,0,1,0
447,0,1,0,2,0,0,1,1,0
448,0,1,1,0,1,3,0,1,0
449,0,2,1,0,1,2,1,1,0
450,0,1,0,0,0,0,0,1,1
451,0,1,1,1,0,3,1,1,1
452,0,1,0,5,0,0,1,1,0
453,1,2,2,0,1,8,2,1,1
454,0,1,1,3,0,3,2,1,0
455,0,1,1,1,1,7,2,1,0
456,0,1,0,0,0,5,2,1,0
457,1,2,0,2,0,6,0,1,1
458,0,0,0,5,0,0,2,1,0
459,0,0,1,5,1,4,0,1,1
460,0,1,0,1,0,0,2,1,0
461,0,1,0,1,1,0,0,1,0
462,0,1,0,0,0,0,0,1,0
463,1,1,1,3,0,2,0,1,1
464,0,1,1,3,1,3,0,1,0
465,0,2,1,1,1,4,1,1,0
466,0,1,0,0,1,5,1,1,0
467,0,0,0,1,0,0,2,1,0
468,0,1,1,3,0,1,2,1,1
469,1,0,0,5,0,0,1,1,0
470,0,2,0,1,0,6,1,1,0
471,0,1,1,1,1,4,1,1,0
472,0,1,1,0,1,3,1,1,0
473,0,1,1,0,0,7,2,1,1
474,0,1,1,1,0,1,1,1,1
475,0,1,0,2,0,0,1,1,0
476,0,1,1,5,0,2,1,1,0
477,0,2,2,1,0,5,1,1,0
478,0,1,0,1,0,6,1,1,0
479,1,2,1,0,1,2,1,1,1
480,1,2,0,0,0,6,1,1,0
481,0,1,1,0,0,1,1,1,1
482,1,1,0,1,0,0,2,1,0
483,0,1,1,5,0,2,0,1,0
484,0,1,0,1,0,0,2,1,0
485,0,1,1,1,1,1,2,1,0
486,0,1,0,2,0,0,1,1,1
487,0,1,1,0,1,1,0,1,0
488,0,1,1,0,1,4,1,1,0
489,0,1,1,5,0,7,2,1,1
490,0,1,1,0,1,1,0,1,0
491,0,2,1,1,0,2,2,1,1
492,0,1,1,0,1,5,1,1,0
493,0,1,2,0,1,8,0,1,0
494,0,1,0,3,1,6,2,1,1
495,1,1,0,2,0,6,2,1,0
496,0,1,0,3,0,6,0,1,0
497,0,1,1,5,0,5,1,1,1
498,0,1,1,1,0,1,1,1,0
499,0,1,0,2,0,0,2,1,0
500,0,1,1,0,1,1,1,1,1
501,0,2,1,1,1,1,2,1,0
502,0,1,0,1,1,0,0,1,0
503,0,1,1,0,0,1,1,1,0
504,1,2,0,0,1,0,1,1,0
505,0,1,1,0,1,2,1,1,1
506,0,1,1,5,0,3,1,1,0
507,0,1,0,1,1,0,1,1,0
508,0,1,1,0,0,1,0,1,0
509,0,2,1,0,0,4,2,1,0
510,0,1,2,1,0,8,1,1,0
511,0,1,1,1,0,3,2,1,1
512,0,1,1,1,0,1,0,1,0
513,1,1,1,1,0,1,0,1,1
514,1,2,1,0,0,1,0,1,1
515,0,0,1,0,0,2,1,1,0
516,0,1,1,1,0,1,1,1,0
517,0,1,0,0,0,0,1,1,0
518,0,1,0,2,1,0,0,1,0
519,0,2,1,0,0,1,2,1,0
520,0,1,0,2,0,0,1,1,0
521,0,2,0,1,1,0,2,1,1
522,0,1,1,0,0,1,0,1,0
523,0,1,1,1,0,2,1,1,1
524,0,1,1,1,1,4,0,1,0
525,1,1,0,0,1,0,0,1,0
526,0,1,1,3,1,4,0,1,0
527,0,1,0,2,0,0,0,1,0
528,1,2,0,3,0,0,1,1,1
529,0,1,1,0,1,4,0,1,0
530,0,1,1,0,1,3,1,1,0
531,0,1,1,0,1,7,0,1,0
532,0,1,0,2,0,0,0,1,0
533,0,2,0,0,0,0,1,1,1
534,0,1,1,0,0,7,1,1,0
535,0,1,2,4,0,5,2,1,0
536,0,1,0,2,0,0,0,1,0
537,0,2,1,0,0,3,2,1,0
538,0,1,2,4,0,5,1,1,0
539,0,1,0,2,0,6,1,1,0
540,1,1,1,0,1,1,0,1,1
541,0,0,1,0,1,7,1,1,0
542,0,1,1,0,1,3,0,1,1
543,0,0,1,1,0,2,0,1,0
544,0,2,0,1,1,0,2,1,1
545,0,1,0,2,0,0,2,1,0
546,0,1,0,0,0,6,0,1,0
547,1,2,1,1,0,1,2,1,1
548,0,2,0,0,0,0,1,1,0
549,0,1,1,1,1,4,0,1,0
550,0,1,1,1,0,2,1,1,0
551,0,1,2,4,1,8,1,1,0
552,0,1,1,1,0,4,1,1,0
553,0,1,1,1,1,1,0,1,1
554,0,1,1,1,1,4,0,1,0
555,0,1,0,2,0,6,2,1,0
556,0,1,1,0,0,2,0,1,0
557,0,0,1,0,1,4,2,1,0
558,0,2,1,0,0,2,1,1,0
559,0,1,1,1,0,1,1,1,1
560,0,1,1,0,1,3,2,1,0
561,0,1,0,2,0,5,1,1,0
562,1,1,1,5,0,1,0,1,1
563,0,1,0,1,1,0,0,1,0
564,0,1,0,3,0,6,0,1,0
565,0,1,1,1,0,1,0,1,0
566,1,2,0,0,1,0,0,1,1
567,0,1,0,5,0,0,0,1,0
568,1,1,1,1,0,5,1,1,1
569,0,0,0,0,0,0,0,1,0
570,0,0,1,1,0,1,1,1,0
571,0,2,1,0,1,2,2,1,0
572,0,1,1,1,1,4,1,1,0
573,1,1,0,3,0,0,0,1,0
574,0,1,1,0,1,1,0,1,0
575,0,1,1,1,1,3,2,1,1
576,0,2,0,2,0,0,1,1,0
577,0,1,1,0,1,1,2,1,1
578,0,2,1,0,1,3,0,1,1
579,0,1,1,1,1,1,0,1,0
580,0,1,0,0,1,6,1,1,0
581,0,1,1,0,0,2,1,1,0
582,0,2,1,1,1,4,1,1,0
583,0,1,0,0,1,0,1,1,0
584,0,2,1,0,0,5,2,1,0
585,1,1,1,0,0,2,1,1,1
586,0,0,1,0,0,2,2,1,0
587,0,1,1,0,1,2,1,1,0
588,0,1,1,1,0,7,1,1,0
589,1,1,1,0,1,2,1,1,1
590,0,1,1,1,0,7,1,1,0
591,1,1,0,2,1,0,0,1,0
592,0,1,1,5,1,5,1,1,1
593,0,1,1,5,1,3,1,1,0
594,0,1,1,0,0,1,1,1,0
595,1,1,1,0,0,7,0,1,1
596,0,1,1,0,1,1,0,1,0
597,0,1,1,0,1,3,1,1,1
598,1,1,1,1,0,1,0,1,0
599,0,1,2,4,0,8,1,1,0
600,0,1,1,0,1,3,1,1,0
601,0,2,1,1,0,2,0,1,0
602,0,1,1,1,1,3,0,1,1
603,0,1,1,0,1,1,0,1,0
604,0,1,1,0,0,3,1,1,0
605,0,2,1,0,0,4,2,1,0
606,0,2,1,0,1,1,0,1,0
607,1,1,0,2,1,0,1,1,0
608,1,1,0,1,0,0,0,1,0
609,0,1,1,0,0,7,1,1,0
610,0,1,1,3,0,7,2,1,1
611,0,1,1,5,0,3,0,1,0
612,0,1,0,2,1,0,1,1,1
613,0,1,2,4,0,8,1,1,0
614,1,2,1,1,1,1,1,1,1
615,0,0,1,1,0,1,1,1,0
616,0,1,0,2,1,5,1,1,0
617,0,1,1,1,0,4,0,1,0
618,0,1,1,1,0,1,0,1,0
619,0,1,0,1,0,0,2,1,0
620,0,1,1,1,1,1,0,1,0
621,0,1,0,0,0,0,1,1,1
622,0,1,0,0,0,0,2,1,0
623,0,2,1,0,0,1,2,1,0
624,0,1,0,2,1,0,1,1,1
625,0,1,0,2,0,0,2,1,1
626,0,1,1,1,1,1,1,1,0
627,0,2,1,1,1,3,1,1,0
628,0,1,0,2,0,0,2,1,0
629,0,1,2,1,0,8,2,1,0
630,0,1,1,0,0,3,1,1,0
631,0,1,1,0,0,2,1,1,1
632,0,2,1,1,0,1,0,1,1
633,0,1,2,0,0,8,1,1,0
634,0,1,0,5,0,0,1,1,1
635,0,1,1,0,1,3,1,1,1
636,1,2,1,0,1,1,2,1,1
637,0,0,1,0,0,2,2,1,0
638,0,1,0,2,0,0,1,1,0
639,0,1,1,3,1,1,1,1,0
640,0,0,1,0,0,2,1,1,0
641,0,2,0,0,0,0,1,1,0
642,0,1,0,2,0,6,1,1,0
643,0,1,1,0,1,2,1,1,1
644,0,1,1,0,0,1,1,1,1
645,1,1,0,1,1,6,2,1,1
646,0,1,0,2,0,0,1,1,0
647,0,1,1,3,0,3,1,1,0
648,0,2,0,1,1,6,1,1,0
649,0,1,1,0,1,7,0,1,0
650,0,2,1,0,1,4,1,1,0
651,0,1,0,2,1,0,1,1,1
652,0,0,0,1,0,0,0,1,1
653,0,0,1,0,0,5,2,1,0
654,0,1,2,0,1,8,1,1,0
655,0,1,2,4,0,8,2,1,1
656,1,1,1,0,0,2,0,1,1
657,0,1,1,1,1,2,2,1,0
658,0,1,1,0,0,1,1,1,1
659,0,1,0,1,0,0,0,1,0
660,1,2,1,0,0,2,2,1,1
661,0,1,1,0,1,3,2,1,0
662,1,1,0,1,1,6,0,1,0
663,1,1,1,5,1,1,0,1,0
664,0,1,1,0,0,4,1,1,1
665,0,1,0,0,1,6,0,1,1
666,1,1,1,0,1,3,1,1,1
667,1,1,1,0,1,2,2,1,1
668,0,1,1,1,1,1,2,1,0
669,1,1,1,1,0,2,1,1,1
670,0,1,1,0,1,1,0,1,0
671,0,1,1,0,0,2,2,1,0
672,0,1,0,1,1,0,0,1,0
673,0,1,1,5,0,1,0,1,1
674,0,1,1,3,1,4,2,1,1
675,0,1,0,0,0,6,1,1,0
676,0,1,1,0,1,4,1,1,1
677,0,1,1,5,1,2,1,1,0
678,0,1,1,1,0,1,1,1,0
679,0,0,0,2,1,0,1,1,0
680,0,1,1,5,0,1,0,1,0
681,0,1,1,3,1,7,1,1,0
682,0,0,1,0,1,2,1,1,0
683,1,1,0,2,0,6,1,1,1
684,0,1,0,2,0,0,2,1,0
685,0,2,0,1,0,0,0,1,0
686,0,1,1,1,0,2,0,1,1
687,0,1,1,1,0,2,0,1,0
688,1,1,0,5,0,6,0,1,1
689,1,1,1,3,0,2,0,1,0
690,0,1,1,1,1,4,1,1,1
691,0,2,1,1,0,1,2,1,1
692,0,1,1,1,1,3,1,1,0
693,1,1,0,0,0,0,1,1,1
694,0,1,1,0,1,4,0,1,0
695,1,1,0,0,0,0,1,1,0
696,0,0,1,0,0,2,1,1,0
697,0,2,0,3,1,6,1,1,0
698,0,1,0,1,1,0,1,1,0
699,0,1,1,0,0,5,1,1,0
700,1,1,1,3,0,1,0,1,0
701,0,1,0,1,0,5,2,1,0
702,0,1,0,5,0,0,2,1,0
703,0,0,0,3,1,0,0,1,1
704,0,1,0,0,0,0,2,1,0
705,0,1,0,0,0,0,0,1,0
706,1,0,0,0,1,0,0,1,1
707,0,2,1,1,0,3,2,1,1
708,0,0,0,3,0,0,2,1,0
709,1,0,1,1,0,1,0,1,1
710,0,0,0,0,0,5,0,1,0
711,1,1,1,0,1,1,0,1,1
712,0,1,1,0,1,1,0,1,0
713,0,1,1,1,1,2,2,1,0
714,0,1,1,1,0,7,2,1,0
715,0,2,1,5,1,4,1,1,1
716,0,2,1,1,0,7,2,1,0
717,0,1,1,3,1,2,1,1,0
718,0,0,1,0,0,2,1,1,1
719,0,1,0,0,1,0,0,1,1
720,1,1,1,0,1,1,1,1,1
721,0,1,1,0,0,3,1,1,1
722,0,2,1,1,0,1,1,1,0
723,0,1,1,1,0,3,2,1,0
724,0,1,1,1,1,3,2,1,0
725,1,1,1,5,0,2,2,1,1
726,0,2,1,0,1,3,1,1,0
727,0,0,1,0,0,1,0,1,0
728,0,1,1,3,1,3,1,1,0
729,0,1,1,1,1,4,2,1,1
730,0,1,1,0,1,7,1,1,1
731,1,1,1,1,1,1,0,1,1
732,1,2,1,1,1,2,0,1,0
733,0,1,1,1,0,3,1,1,0
734,0,1,1,0,0,2,1,1,0
735,0,1,1,0,0,4,0,1,0
736,0,1,1,0,0,4,0,1,0
737,0,1,1,1,1,3,0,1,0
738,0,1,1,0,1,3,1,1,0
739,0,1,1,0,1,3,1,1,0
740,0,1,1,5,0,2,2,1,0
741,0,1,0,2,0,5,1,1,0
742,0,1,1,0,0,2,1,1,0
743,0,1,1,0,1,3,0,1,1
744,1,1,1,1,1,4,1,1,0
745,0,2,1,1,0,4,1,1,1
746,0,0,1,0,1,7,2,1,0
747,0,1,0,0,0,0,0,1,1
748,1,0,0,1,0,0,0,1,0
749,1,1,0,2,1,5,1,1,0
750,0,1,0,1,1,0,1,1,1
751,0,0,0,0,1,0,1,1,0
752,1,1,1,0,1,2,0,1,0
753,0,2,1,1,1,3,0,1,1
754,0,0,0,0,1,6,0,1,0
755,0,1,0,0,1,5,1,1,0
756,0,0,1,1,1,2,0,1,0
757,0,1,0,2,0,0,2,1,0
758,0,1,0,3,0,5,1,1,1
759,0,1,2,1,0,8,0,1,0
760,0,2,0,2,1,0,1,1,0
761,1,1,1,5,0,2,2,1,0
762,1,2,1,0,0,1,1,1,1
763,0,1,0,0,1,6,1,1,1
764,0,1,0,1,0,6,1,1,0
765,0,2,1,5,0,1,1,1,0
766,0,1,1,1,0,7,1,1,1
767,0,1,1,5,1,4,0,1,0
768,0,1,0,2,0,0,1,1,0
769,0,2,1,1,1,1,2,1,0
770,0,1,1,1,0,7,2,1,0
771,0,1,0,0,1,0,1,1,0
772,0,2,1,1,1,1,1,1,0
773,0,1,1,1,1,3,0,1,0
774,0,0,1,1,0,5,0,1,0
775,0,1,0,1,0,0,2,1,0
776,1,2,0,2,1,6,0,1,1
777,1,1,1,0,1,2,0,1,0
778,0,1,1,0,1,1,2,1,1
779,1,1,1,0,0,1,1,1,1
780,1,0,1,3,0,4,0,1,0
781,0,1,1,1,0,2,1,1,0
782,0,1,1,5,0,3,1,1,0
783,0,1,1,3,1,1,1,1,0
784,0,1,1,0,1,4,1,1,0
785,0,1,1,3,0,4,1,1,0
786,0,0,1,0,0,2,1,1,0
787,0,2,1,0,0,3,1,1,0
788,0,1,1,5,1,1,0,1,0
789,1,1,2,1,0,8,1,1,0
790,0,1,1,0,0,4,2,1,0
791,1,1,0,3,0,0,0,1,1
792,1,2,1,1,1,1,0,1,0
793,0,1,1,0,0,2,2,1,0
794,0,2,1,0,0,4,0,1,0
795,0,1,0,0,1,0,2,1,1
796,1,1,1,3,0,2,1,1,1
797,1,1,1,1,0,2,2,1,0
798,1,1,1,1,0,1,0,1,1
799,0,1,1,1,0,5,1,1,0
800,1,2,1,1,0,2,2,1,0
801,1,2,0,5,0,0,0,1,1
802,0,2,0,0,1,0,1,1,0
803,0,0,1,0,0,1,1,1,0
804,0,0,1,1,0,5,0,1,0
805,0,0,0,0,1,0,1,1,0
806,0,1,1,0,0,4,0,1,0
807,0,1,0,2,0,0,2,1,1
808,0,1,1,0,1,1,2,1,0
809,0,1,1,1,1,3,2,1,0
810,0,1,0,2,0,5,1,1,0
811,0,1,0,2,0,0,0,1,0
812,0,2,1,0,1,3,1,1,0
813,1,2,1,0,0,4,2,1,0
814,0,1,1,1,0,7,0,1,0
815,0,1,1,3,1,1,0,1,1
816,0,0,1,0,0,2,0,1,0
817,0,0,1,0,0,3,0,1,0
818,0,2,0,0,0,6,1,1,0
819,0,1,1,0,0,1,1,1,0
820,0,2,0,2,0,0,2,1,0
821,0,1,0,3,0,0,1,1,0
822,0,2,1,0,0,3,0,1,0
823,0,2,1,0,1,1,2,1,0
824,0,1,1,1,0,2,0,1,0
825,0,1,1,1,0,3,1,1,1
826,0,1,2,4,0,8,1,1,0
827,0,2,1,0,0,1,2,1,1
828,1,0,1,1,0,2,0,1,0
829,1,1,0,2,1,0,0,1,1
830,0,1,1,0,0,2,1,1,1
831,1,2,1,1,0,2,1,1,0
832,0,1,1,1,1,4,2,1,0
833,0,1,1,0,0,1,1,1,0
834,0,1,0,0,1,0,1,1,0
835,0,1,2,3,0,8,0,1,0
836,1,1,0,0,1,0,1,1,0
837,0,2,1,1,1,7,0,1,0
838,1,2,0,0,0,0,0,1,1
839,0,1,0,2,0,0,0,1,0
840,0,1,1,1,0,2,1,1,0
841,0,1,1,1,0,2,0,1,0
842,1,1,1,0,1,2,1,1,1
843,0,1,1,1,0,2,1,1,0
844,0,1,0,2,0,0,1,1,0
845,0,2,1,1,1,1,1,1,1
846,0,1,1,0,0,3,2,1,0
847,0,2,1,1,0,4,0,1,0
848,0,2,1,5,0,2,1,1,0
849,1,1,0,2,1,0,0,1,0
850,0,0,0,0,1,6,2,1,0
851,0,1,1,3,1,5,2,1,0
852,0,1,1,1,1,2,1,1,0
853,0,1,1,0,0,1,0,1,0
854,0,1,1,1,1,1,1,1,1
855,0,1,1,0,1,3,1,1,0
856,0,1,1,0,0,2,0,1,0
857,1,1,1,0,0,1,0,1,1
858,0,1,1,1,1,5,2,1,0
859,0,1,1,0,1,1,1,1,1
860,1,2,1,0,0,1,1,1,1
861,0,1,0,2,1,5,1,1,0
862,0,0,1,0,0,1,0,1,0
863,0,1,2,4,0,8,1,1,0
864,1,0,1,0,0,1,2,1,0
865,0,1,0,0,0,0,2,1,0
866,0,2,0,1,0,0,1,1,0
867,0,2,1,1,1,5,1,1,0
868,0,1,1,1,0,2,1,1,0
869,0,1,1,0,0,7,1,1,0
870,0,1,0,0,0,0,1,1,1
871,1,1,1,0,1,2,1,1,0
872,0,2,0,1,1,0,1,1,0
873,0,1,1,0,0,2,2,1,0
874,0,1,1,0,0,2,2,1,0
875,0,1,1,5,0,1,0,1,0
876,0,1,0,2,0,6,0,1,0
877,0,1,1,3,0,3,2,1,0
878,0,0,2,1,0,8,1,1,0
879,0,1,0,2,0,0,2,1,1
880,0,2,1,5,1,2,1,1,0
881,0,2,1,0,1,1,0,1,1
882,0,1,1,3,1,3,2,1,1
883,0,1,1,1,0,1,1,1,0
884,0,1,0,3,1,0,2,1,0
885,0,1,0,0,0,0,0,1,0
886,0,1,1,1,0,1,1,1,1
887,0,2,1,1,1,7,1,1,1
888,0,0,0,2,1,0,1,1,1
889,0,1,1,0,0,1,1,1,1
890,0,2,1,0,1,3,2,1,0
891,0,1,1,0,1,1,1,1,0
892,1,0,1,1,1,1,0,1,1
893,0,1,1,0,1,1,2,1,0
894,0,1,1,0,0,7,1,1,0
895,0,1,1,1,0,4,1,1,1
896,0,1,1,1,1,4,0,1,0
897,0,1,0,0,1,0,0,1,0
898,0,1,1,0,0,7,1,1,0
899,0,1,1,1,0,5,1,1,0
900,0,2,1,3,0,1,1,1,0
901,0,1,1,3,0,2,0,1,0
902,0,1,1,0,0,1,2,1,0
903,0,1,1,0,0,4,2,1,1
904,0,1,1,0,0,7,0,1,0
905,0,1,1,0,1,7,2,1,0
906,0,1,1,3,1,1,1,1,0
907,0,1,0,2,0,5,1,1,0
908,0,1,0,2,0,0,2,1,1
909,0,1,1,0,1,1,0,1,1
910,0,1,1,0,0,1,1,1,0
911,1,2,0,0,0,6,0,1,1
912,0,1,1,0,0,1,0,1,1
913,1,1,0,2,1,5,0,1,1
914,0,0,1,1,0,4,2,1,1
915,1,2,1,0,1,2,0,1,0
916,0,1,0,2,1,5,1,1,0
917,0,1,0,2,1,0,0,1,1
918,0,2,0,0,0,5,2,1,1
919,0,1,1,1,0,3,0,1,0
920,0,2,1,1,1,2,2,1,0
921,0,2,1,1,0,2,0,1,1
922,0,1,1,0,0,5,2,1,0
923,0,2,2,0,0,8,1,1,0
924,0,1,1,0,0,1,1,1,1
925,0,1,1,1,1,1,1,1,1
926,0,1,0,2,1,0,0,1,0
927,0,1,1,0,1,3,0,1,1
928,1,1,1,1,1,4,1,1,0
929,0,2,1,0,0,2,1,1,1
930,0,2,1,1,1,2,0,1,0
931,0,0,1,1,1,3,0,1,1
932,1,1,1,3,1,2,2,1,1
933,0,1,1,3,0,1,0,1,0
934,0,1,1,1,1,1,0,1,0
935,0,1,0,1,0,0,1,1,0
936,0,2,1,1,1,5,0,1,0
937,0,1,1,1,1,5,2,1,1
938,0,1,1,0,0,1,2,1,0
939,1,1,1,0,0,2,1,1,0
940,1,1,1,1,0,1,0,1,0
941,0,1,1,3,1,2,1,1,0
942,0,1,1,3,1,4,1,1,0
943,0,1,2,0,1,8,0,1,0
944,0,0,1,0,1,2,1,1,0
945,0,1,1,0,1,7,1,1,1
946,1,1,0,2,0,0,0,1,1
947,1,1,0,0,0,0,0,1,1
948,0,1,1,1,1,5,1,1,1
949,0,1,1,0,0,3,0,1,0
950,0,0,0,0,1,0,2,1,1
951,0,0,0,1,0,0,0,1,0
952,1,2,0,0,1,6,0,1,1
953,1,1,1,0,0,2,1,1,0
954,0,0,1,0,0,5,1,1,1
955,0,1,1,1,1,5,1,1,0
956,0,1,2,0,0,5,0,1,0
957,0,0,1,0,0,1,2,1,0
958,0,1,1,0,0,4,2,1,0
959,0,1,1,0,0,1,0,1,0
960,0,2,0,2,1,0,2,1,0
961,0,2,1,0,0,1,0,1,1
962,0,1,2,0,0,5,2,1,1
963,0,1,0,0,1,0,2,1,0
964,0,1,0,1,1,0,0,1,0
965,0,1,1,1,0,2,1,1,0
966,1,1,1,1,1,3,1,1,1
967,0,1,1,0,0,2,1,1,0
968,0,2,0,2,1,0,1,1,0
969,0,1,1,0,0,3,0,1,0
970,0,1,0,1,1,6,1,1,0
971,0,1,1,3,1,3,0,1,0
972,0,0,1,0,1,2,0,1,0
973,0,1,1,1,1,2,1,1,0
974,0,2,0,0,0,0,0,1,0
975,1,1,0,2,0,0,0,1,1
976,0,1,1,0,0,3,1,1,1
977,0,0,1,3,1,1,2,1,0
978,0,1,1,1,1,4,2,1,0
979,0,1,1,1,0,2,1,1,0
980,1,2,0,0,1,6,0,1,0
981,1,2,0,2,1,0,1,1,1
982,0,2,1,0,0,1,2,1,0
983,0,1,1,3,1,4,0,1,0
984,0,1,0,0,0,0,1,1,0
985,1,1,1,1,0,3,1,1,1
986,0,1,0,0,0,0,1,1,1
987,0,2,0,2,0,0,1,1,0
988,0,2,1,0,1,1,2,1,1
989,0,1,1,0,0,1,1,1,1
990,0,2,0,0,0,0,1,1,0
991,0,1,0,2,0,0,1,1,1
992,0,0,1,0,0,4,1,1,0
993,0,1,0,0,0,0,1,1,0
994,0,2,1,1,1,3,1,1,1
995,0,1,1,1,1,1,0,1,1
996,0,1,0,2,1,0,1,1,1
997,1,1,1,0,1,1,0,1,1
998,0,1,1,1,0,1,0,1,0
999,0,1,2,4,1,5,1,1,0
1000,0,1,1,5,1,2,1,1,0
1001,0,1,1,1,1,2,0,1,0
1002,0,2,1,0,0,3,0,1,0
1003,0,1,1,3,0,2,1,1,0
1004,0,1,1,5,0,2,0,1,0
1005,0,1,2,5,0,8,0,1,0
1006,1,2,1,0,0,2,0,1,0
1007,1,2,1,5,1,4,0,1,1
1008,0,1,1,1,1,7,0,1,0
1009,0,1,1,1,1,7,1,1,1
1010,0,1,1,1,0,7,2,1,0
1011,0,1,0,2,1,0,0,1,1
1012,1,2,0,0,1,6,0,1,0
1013,0,1,0,2,1,0,2,1,0
1014,0,1,1,0,1,7,0,1,0
1015,0,2,1,5,0,1,2,1,0
1016,1,1,1,0,1,1,0,1,0
1017,0,1,1,0,0,2,1,1,0
1018,0,1,1,0,0,2,0,1,0
1019,0,1,0,2,1,0,1,1,0
1020,0,1,1,3,0,1,1,1,0
1021,1,1,0,0,0,6,1,1,0
1022,0,0,1,3,0,2,0,1,0
1023,0,1,1,0,1,1,1,1,0
1024,0,1,1,1,1,7,1,1,0
1025,0,1,0,1,1,0,1,1,1
1026,0,1,0,2,0,0,1,1,0
1027,0,1,1,0,1,2,1,1,0
1028,0,1,1,1,0,1,1,1,1
1029,0,0,1,5,0,2,2,1,0
1030,0,1,0,0,0,0,2,1,0
1031,1,1,0,2,0,0,2,1,0
1032,1,0,1,0,1,2,0,1,1
1033,1,2,1,0,1,3,0,1,0
1034,0,1,1,1,0,4,2,1,1
1035,0,1,2,1,1,8,0,1,0
1036,1,2,1,0,0,2,1,1,1
1037,0,1,1,3,0,3,1,1,1
1038,0,1,0,2,0,0,2,1,0
1039,1,1,2,3,1,8,1,1,0
1040,0,0,1,1,0,7,2,1,0
1041,0,1,0,1,0,0,0,1,0
1042,0,0,1,0,0,2,0,1,0
1043,0,1,1,1,0,7,0,1,0
1044,0,1,1,3,0,4,1,1,0
1045,0,1,1,1,0,1,2,1,0
1046,0,1,1,0,0,1,0,1,0
1047,0,2,0,1,0,0,1,1,0
1048,0,1,0,5,0,0,0,1,0
1049,0,1,0,0,0,0,1,1,0
1050,0,2,1,1,1,2,0,1,0
1051,0,2,0,2,1,0,1,1,0
1052,0,0,1,3,0,1,2,1,0
1053,0,1,1,0,0,1,1,1,0
1054,0,1,1,0,0,4,2,1,0
1055,0,2,1,1,0,7,2,1,0
1056,1,2,0,3,0,6,1,1,0
1057,1,2,0,3,1,0,0,1,0
1058,1,1,0,1,1,0,0,1,1
1059,0,1,0,0,0,6,1,1,0
1060,1,2,1,1,0,2,0,1,1
1061,0,0,0,0,1,6,1,1,0
1062,0,2,1,1,0,3,0,1,1
1063,0,1,0,0,0,0,2,1,0
1064,0,1,2,0,0,8,2,1,0
1065,0,1,1,0,0,4,1,1,1
1066,0,1,1,1,1,2,1,1,0
1067,0,1,0,1,1,0,1,1,1
1068,1,2,1,1,0,2,0,1,0
1069,0,1,1,0,0,1,2,1,0
1070,0,2,0,0,0,0,0,1,0
1071,0,1,1,1,1,2,1,1,0
1072,0,2,1,0,1,2,1,1,0
1073,0,1,1,0,0,3,1,1,0
1074,0,1,1,0,0,4,0,1,1
1075,0,1,1,1,0,5,0,1,0
1076,0,2,1,1,1,5,2,1,0
1077,1,1,1,3,0,1,0,1,0
1078,0,1,1,0,0,7,1,1,0
1079,0,1,1,0,1,3,0,1,0
1080,0,1,0,0,1,5,1,1,0
1081,0,1,1,0,1,4,0,1,0
1082,0,1,1,0,0,2,0,1,0
1083,1,1,1,0,0,2,0,1,0
1084,0,1,0,3,0,0,1,1,1
1085,1,2,1,0,1,1,0,1,0
1086,0,2,1,1,0,7,0,1,1
1087,0,1,0,3,0,6,1,1,1
1088,0,1,1,1,0,2,1,1,0
1089,0,1,1,1,0,1,1,1,0
1090,0,1,1,5,1,4,1,1,0
1091,0,1,1,0,0,3,0,1,0
1092,0,1,1,3,0,1,1,1,0
1093,0,2,1,0,0,4,1,1,1
1094,0,1,0,1,0,0,1,1,0
1095,0,1,1,0,0,2,1,1,1
1096,0,1,2,1,0,5,0,1,1
1097,0,1,1,3,0,2,2,1,0
1098,0,0,1,0,0,4,2,1,1
1099,0,1,1,3,0,4,2,1,0
1100,0,1,0,0,1,6,1,1,0
1101,0,1,1,0,1,1,1,1,0
1102,0,1,0,0,0,6,0,1,1
1103,0,1,0,0,1,0,2,1,0
1104,0,1,1,0,0,1,1,1,0
1105,0,1,0,0,0,0,1,1,0
1106,1,1,0,0,0,0,1,1,0
1107,0,2,2,4,0,8,1,1,0
1108,0,1,1,1,0,2,0,1,0
1109,0,1,0,3,0,0,1,1,0
1110,1,1,1,0,1,2,2,1,1
1111,1,1,1,3,1,3,1,1,0
1112,1,1,1,1,0,3,1,1,0
1113,0,0,1,3,0,1,1,1,0
1114,0,1,1,5,1,1,1,1,0
1115,0,1,1,1,0,1,0,1,0
1116,0,1,0,2,0,5,1,1,0
1117,0,1,1,0,0,1,1,1,0
1118,0,1,1,0,1,1,1,1,0
1119,0,1,0,0,0,0,1,1,0
1120,0,1,0,0,1,0,0,1,0
1121,0,1,0,0,1,0,0,1,0
1122,0,1,1,1,0,2,0,1,1
1123,0,1,1,1,1,4,0,1,1
1124,0,1,0,1,0,0,1,1,0
1125,0,2,1,0,0,4,2,1,0
1126,0,1,0,2,0,5,1,1,1
1127,0,1,1,3,0,1,1,1,0
1128,0,2,1,0,0,2,1,1,1
1129,0,1,1,5,0,5,0,1,0
1130,0,1,1,0,0,2,1,1,0
1131,0,2,1,3,0,4,1,1,0
1132,0,1,0,0,1,0,1,1,0
1133,0,1,1,3,0,2,2,1,0
1134,0,1,1,0,0,2,1,1,0
1135,0,1,0,0,0,5,0,1,0
1136,1,1,1,1,0,2,1,1,1
1137,0,0,1,5,1,1,1,1,1
1138,0,2,1,1,0,4,1,1,1
1139,0,1,1,5,1,1,1,1,0
1140,0,1,1,1,1,7,2,1,1
1141,0,1,1,1,0,1,1,1,0
1142,0,1,1,1,1,2,0,1,1
1143,0,0,0,2,0,0,1,1,0
1144,0,2,0,5,0,0,0,1,0
1145,0,1,1,0,1,3,1,1,1
1146,0,2,1,0,0,3,2,1,0
1147,0,1,1,0,1,2,1,1,0
1148,0,1,1,1,0,3,1,1,0
1149,0,1,1,5,0,2,2,1,0
1150,0,1,1,0,0,1,1,1,0
1151,0,1,1,1,1,3,2,1,0
1152,0,1,1,1,0,1,0,1,0
1153,1,2,0,1,1,6,0,1,1
1154,0,1,2,0,1,5,1,1,0
1155,0,1,1,1,0,2,2,1,0
1156,0,1,1,0,1,3,1,1,0
1157,0,0,1,0,1,4,1,1,0
1158,0,1,1,0,0,3,1,1,0
1159,0,2,1,1,1,3,0,1,0
1160,0,1,1,5,1,3,2,1,0
1161,0,1,1,1,1,3,1,1,1
1162,1,1,0,1,0,0,1,1,0
1163,0,1,1,1,1,1,1,1,0
1164,0,1,1,0,1,3,0,1,1
1165,0,2,2,4,0,8,1,1,1
1166,0,2,1,1,0,5,1,1,0
1167,1,1,0,1,0,0,2,1,1
1168,0,2,1,3,1,1,0,1,1
1169,0,1,1,1,1,1,1,1,0
1170,0,2,1,1,0,1,0,1,0
1171,1,1,1,0,0,2,0,1,1
1172,0,1,0,1,0,0,0,1,0
1173,0,1,1,0,1,4,1,1,0
1174,0,2,1,0,0,3,2,1,0
1175,0,1,1,1,0,3,1,1,0
1176,0,1,1,5,1,7,1,1,0
1177,0,1,1,0,1,7,2,1,0
1178,0,1,0,1,1,6,0,1,0
1179,0,1,1,0,1,1,2,1,0
1180,0,1,1,0,0,2,0,1,0
1181,0,1,1,0,1,4,1,1,1
1182,0,0,1,1,1,3,1,1,0
1183,0,1,1,0,0,4,2,1,0
1184,0,1,1,1,1,5,1,1,0
1185,0,1,1,0,0,7,1,1,0
1186,1,2,0,5,0,0,0,1,1
1187,0,2,1,0,0,1,1,1,0
1188,0,1,0,1,0,0,2,1,1
1189,0,1,0,1,0,0,2,1,0
1190,0,1,1,1,0,1,2,1,0
1191,0,1,0,0,1,0,1,1,0
1192,0,1,1,1,1,2,2,1,1
1193,0,2,1,1,1,2,0,1,0
1194,0,1,0,0,1,5,2,1,0
1195,0,1,1,0,0,5,0,1,0
1196,0,1,0,0,0,0,0,1,1
1197,0,1,0,0,0,6,0,1,0
1198,0,0,0,0,1,0,2,1,1
1199,0,1,1,0,0,4,1,1,0
1200,0,1,2,0,1,8,2,1,1
1201,1,1,1,1,0,2,0,1,1
1202,0,1,1,1,1,2,1,1,0
1203,0,1,1,1,0,4,1,1,0
1204,1,2,0,1,1,6,1,1,1
1205,1,1,1,0,0,2,0,1,0
1206,0,0,1,1,0,2,0,1,0
1207,0,1,1,3,0,1,2,1,0
1208,0,1,1,1,0,2,1,1,0
1209,0,1,1,1,0,4,2,1,0
1210,0,1,1,1,0,2,1,1,0
1211,0,2,0,1,0,0,2,1,0
1212,0,1,1,0,1,1,1,1,0
1213,1,1,0,0,0,6,2,1,1
1214,0,1,1,0,1,4,1,1,1
1215,0,2,1,1,0,1,0,1,1
1216,0,1,0,1,0,0,1,1,1
1217,0,1,1,1,0,1,1,1,0
1218,0,1,0,2,0,0,0,1,0
1219,0,1,1,1,1,2,1,1,0
1220,0,1,0,0,1,6,0,1,0
1221,0,0,1,0,0,4,1,1,0
1222,1,1,2,4,0,8,1,1,0
1223,1,2,0,0,0,0,1,1,0
1224,0,1,1,1,0,2,1,1,0
1225,0,1,1,3,1,7,0,1,0
1226,0,2,1,0,0,1,1,1,0
1227,0,1,1,0,0,2,1,1,0
1228,0,0,2,4,0,8,1,1,0
1229,0,1,1,0,1,3,1,1,1
1230,0,1,1,1,0,2,2,1,0
1231,0,1,1,0,0,4,0,1,0
1232,0,1,1,0,0,3,1,1,0
1233,0,1,1,0,0,1,1,1,0
1234,0,0,0,2,0,0,1,1,0
1235,0,1,0,0,0,0,2,1,1
1236,1,1,0,2,0,0,2,1,1
1237,1,1,0,0,0,0,0,1,0
1238,0,1,1,1,1,2,0,1,0
1239,0,2,1,3,1,3,0,1,0
1240,0,0,1,0,0,2,1,1,1
1241,0,1,0,0,0,0,1,1,0
1242,0,1,0,1,0,5,0,1,0
1243,0,1,2,0,1,8,1,1,0
1244,0,2,1,3,1,1,0,1,0
1245,0,2,2,1,0,8,1,1,0
1246,1,2,2,4,1,8,2,1,0
1247,0,1,0,3,0,0,1,1,0
1248,0,1,1,1,1,1,0,1,0
1249,1,1,0,2,1,6,0,1,0
1250,0,2,1,0,0,4,0,1,1
1251,0,1,0,2,0,0,2,1,0
1252,0,1,1,1,0,1,1,1,1
1253,0,0,0,2,1,0,0,1,0
1254,0,1,0,2,1,0,0,1,0
1255,1,1,0,0,1,0,0,1,1
1256,0,2,1,1,1,2,1,1,0
1257,1,1,0,2,0,0,1,1,0
1258,0,1,1,3,1,1,2,1,0
1259,0,1,1,0,0,4,1,1,0
1260,0,0,1,3,0,1,0,1,0
1261,0,1,1,1,0,4,1,1,1
1262,1,2,1,3,0,1,1,1,1
1263,0,1,1,1,0,2,2,1,0
1264,0,1,1,1,0,7,1,1,0
1265,0,0,1,3,0,1,2,1,0
1266,0,1,1,0,0,2,2,1,0
1267,0,0,0,0,0,0,2,1,1
1268,0,0,1,1,1,3,1,1,1
1269,0,1,2,0,0,8,0,1,0
1270,0,1,0,0,1,0,0,1,0
1271,1,1,0,2,0,6,0,1,0
1272,0,1,1,5,1,2,1,1,0
1273,1,1,1,1,1,2,1,1,1
1274,0,1,0,2,1,0,1,1,0
1275,0,1,1,3,1,5,1,1,0
1276,0,1,0,2,0,0,1,1,0
1277,0,1,1,1,0,7,2,1,1
1278,0,1,1,0,0,4,1,1,1
1279,1,2,1,1,0,1,2,1,1
1280,0,1,2,5,0,8,2,1,0
1281,1,1,0,0,0,0,0,1,1
1282,0,1,1,0,0,1,1,1,0
1283,0,1,1,0,0,1,1,1,0
1284,0,1,1,1,0,7,0,1,0
1285,0,0,0,0,0,0,0,1,0
1286,0,1,1,0,1,2,1,1,0
1287,0,1,1,1,0,4,1,1,0
1288,0,0,1,1,0,3,2,1,0
1289,0,0,2,4,0,8,2,1,0
1290,1,2,1,0,0,2,1,1,0
1291,1,1,1,1,0,3,0,1,0
1292,0,2,0,0,0,0,2,1,0
1293,0,0,1,0,0,1,0,1,0
1294,0,1,1,0,0,4,0,1,0
1295,0,1,0,2,1,0,2,1,1
1296,0,1,1,1,1,3,0,1,0
1297,1,1,2,1,1,8,1,1,1
1298,1,1,1,1,1,4,1,1,0
1299,0,1,1,0,1,4,2,1,0
1300,0,1,0,3,0,0,1,1,0
1301,0,0,0,1,0,5,2,1,0
1302,0,1,1,1,0,2,1,1,0
1303,0,1,1,0,1,3,2,1,1
1304,0,1,1,0,1,4,2,1,0
1305,0,1,1,1,1,1,1,1,0
1306,0,2,0,2,1,0,1,1,0
1307,0,1,1,1,1,1,1,1,0
1308,0,1,0,2,1,6,1,1,1
1309,0,1,0,1,0,0,0,1,0
1310,0,2,1,0,0,7,1,1,1
1311,0,0,1,1,1,1,0,1,0
1312,1,1,2,4,0,8,1,1,0
1313,1,1,2,4,0,8,2,1,1
1314,0,0,0,0,1,0,1,1,0
1315,0,1,1,5,1,1,1,1,1
1316,0,2,0,0,0,0,1,1,0
1317,0,2,1,0,1,2,0,1,1
1318,0,2,1,1,0,2,1,1,0
1319,0,2,0,2,0,0,0,1,0
1320,0,0,1,3,0,1,1,1,0
1321,0,1,1,0,1,2,0,1,0
1322,0,1,1,0,0,3,2,1,0
1323,0,0,2,0,0,8,2,1,0
1324,0,1,1,0,0,4,2,1,0
1325,0,1,1,0,0,2,0,1,0
1326,1,1,0,2,0,0,0,1,1
1327,0,1,0,3,1,0,2,1,0
1328,0,1,0,1,1,6,1,1,0
1329,0,1,2,1,0,8,1,1,0
1330,0,1,1,1,1,5,1,1,0
1331,0,1,1,0,0,7,1,1,0
1332,1,2,1,0,0,1,0,1,1
1333,1,1,0,0,1,0,1,1,0
1334,0,2,1,0,1,1,1,1,0
1335,0,1,1,5,0,1,2,1,0
1336,0,1,1,3,0,1,1,1,0
1337,0,1,0,1,1,6,1,1,0
1338,1,1,0,1,0,6,0,1,0
1339,1,1,1,0,0,1,0,1,1
1340,0,1,0,3,1,0,1,1,1
1341,0,1,1,0,0,2,2,1,0
1342,0,1,0,0,0,0,1,1,1
1343,0,1,1,0,0,2,0,1,0
1344,0,1,1,1,0,1,1,1,1
1345,0,1,1,5,1,3,1,1,1
1346,0,1,1,0,1,3,1,1,0
1347,0,2,2,4,0,8,0,1,0
1348,0,1,1,0,0,5,2,1,0
1349,0,1,1,0,1,1,1,1,1
1350,0,1,0,1,1,0,0,1,0
1351,0,2,1,1,1,5,2,1,0
1352,0,1,1,0,0,4,1,1,0
1353,1,0,1,3,0,1,1,1,1
1354,1,1,1,0,0,2,0,1,0
1355,0,1,0,2,0,0,1,1,0
1356,0,1,0,2,1,0,1,1,0
1357,0,1,1,1,0,7,1,1,0
1358,0,1,0,1,1,0,2,1,1
1359,0,1,0,1,1,0,1,1,1
1360,0,1,1,1,1,2,2,1,0
1361,0,2,1,5,0,2,1,1,0
1362,0,2,1,1,0,4,0,1,0
1363,0,1,0,2,0,0,0,1,0
1364,0,2,0,0,0,0,1,1,1
1365,1,2,0,3,0,6,0,1,0
1366,0,0,0,0,1,0,1,1,0
1367,0,1,1,3,0,1,1,1,0
1368,0,2,1,5,0,1,1,1,1
1369,1,1,0,2,1,0,0,1,1
1370,0,0,1,3,0,1,1,1,0
1371,0,1,0,2,1,0,1,1,0
1372,0,1,1,1,0,3,1,1,0
1373,0,2,1,1,1,1,2,1,1
1374,0,1,0,0,1,5,1,1,1
1375,1,2,1,0,1,1,0,1,1
1376,0,1,1,0,0,1,2,1,0
1377,0,2,1,0,0,7,1,1,0
1378,0,1,0,2,0,0,2,1,1
1379,1,2,2,4,1,8,1,1,0
1380,0,1,0,1,0,0,1,1,0
1381,0,0,1,1,0,1,0,1,0
1382,0,0,1,1,0,1,2,1,1
1383,0,0,1,0,0,2,1,1,0
1384,0,1,0,2,0,0,0,1,0
1385,0,1,0,1,0,0,2,1,0
1386,0,1,1,1,0,2,0,1,0
1387,0,1,1,0,0,4,1,1,0
1388,0,0,1,1,1,4,2,1,0
1389,0,2,1,0,0,1,1,1,0
1390,1,1,1,3,0,2,2,1,0
1391,0,1,0,0,0,6,0,1,0
1392,0,1,0,0,1,0,1,1,1
1393,0,1,0,2,0,0,0,1,0
1394,0,1,1,0,0,3,0,1,0
1395,1,2,0,2,0,0,1,1,1
1396,1,1,0,0,0,0,0,1,1
1397,0,1,1,0,1,1,1,1,0
1398,0,2,1,0,0,4,2,1,0
1399,0,1,1,0,0,4,1,1,0
1400,0,2,2,5,0,8,1,1,1
1401,0,1,2,4,0,5,1,1,1
1402,0,1,1,1,1,2,2,1,1
1403,0,1,0,2,0,0,0,1,0
1404,0,0,1,0,0,1,0,1,0
1405,0,0,1,1,1,7,1,1,0
1406,0,1,1,1,1,3,0,1,1
1407,0,1,1,0,0,4,0,1,0
1408,0,1,1,5,0,2,0,1,0
1409,0,2,1,3,1,2,1,1,0
1410,0,1,0,2,1,0,1,1,0
1411,0,1,2,4,1,8,1,1,0
1412,0,1,1,1,0,2,1,1,0
1413,0,1,1,5,0,2,2,1,1
1414,0,1,1,1,0,4,0,1,0
1415,0,0,1,1,0,2,2,1,0
1416,0,1,0,0,0,0,1,1,0
1417,0,1,0,0,0,6,1,1,0
1418,0,2,1,0,0,3,1,1,0
1419,0,1,1,0,0,1,2,1,1
1420,0,1,1,0,0,1,1,1,0
1421,0,0,1,1,1,7,1,1,0
1422,0,1,1,1,0,2,1,1,1
1423,0,1,1,0,0,1,0,1,0
1424,0,1,1,1,0,1,0,1,0
1425,0,1,1,1,1,4,1,1,1
1426,0,1,1,0,1,2,0,1,0
1427,0,1,1,0,0,2,1,1,0
1428,0,1,0,1,0,6,1,1,0
1429,0,1,1,0,0,1,0,1,0
1430,0,1,1,1,1,7,1,1,0
1431,0,1,0,2,1,0,1,1,0
1432,0,1,1,0,1,7,1,1,1
1433,0,1,0,5,1,0,2,1,1
1434,0,0,0,0,0,6,2,1,0
1435,0,1,1,1,0,1,0,1,1
1436,0,1,0,1,0,6,0,1,1
1437,0,0,1,0,0,5,0,1,0
1438,1,2,0,2,0,6,1,1,0
1439,0,1,0,1,1,0,1,1,0
1440,0,2,1,0,1,3,2,1,0
1441,0,0,1,0,0,4,2,1,0
1442,1,1,1,1,0,1,1,1,1
1443,0,1,1,0,0,5,1,1,0
1444,1,1,1,3,0,2,1,1,0
1445,0,1,1,0,1,3,1,1,0
1446,0,1,0,2,1,0,1,1,0
1447,0,0,0,2,0,0,2,1,0
1448,0,1,0,0,0,0,2,1,0
1449,0,1,1,3,0,1,0,1,0
1450,0,1,2,0,1,8,0,1,1
1451,0,1,0,0,1,0,1,1,0
1452,1,2,0,0,0,0,2,1,0
1453,0,1,0,2,1,0,1,1,0
1454,0,1,0,0,1,0,0,1,0
1455,0,1,1,0,0,1,0,1,0
1456,0,2,1,0,0,4,1,1,1
1457,0,1,1,1,1,1,1,1,0
1458,0,1,1,0,1,1,1,1,0
1459,0,1,1,5,0,2,1,1,1
1460,0,1,1,1,1,1,0,1,0
1461,1,1,0,2,0,0,2,1,1
1462,0,1,0,2,1,0,1,1,0
1463,0,0,1,1,0,3,0,1,0
1464,0,1,0,5,1,6,0,1,0
1465,0,2,1,1,0,2,1,1,0
1466,0,1,1,1,0,4,1,1,0
1467,0,1,1,0,0,3,1,1,1
1468,0,2,0,1,0,0,1,1,0
1469,0,1,1,1,0,2,1,1,0
